booking_ref,passenger_passport,flight_number,scheduled_date,booked_at,total_amount,currency,payment_status,payment_method
W6K3P2,LT1234567,W61001,2026-05-01,2026-04-20 10:15:00+03,89.99,EUR,PAID,CARD
W6M7TN,LT2345678,W61001,2026-05-01,2026-04-21 14:30:00+03,89.99,EUR,PAID,CARD
LHFN7T,DE3456789,LH2001,2026-05-02,2026-04-15 09:00:00+02,145,EUR,PAID,BANK_TRANSFER
AF9BXQ,FR4567890,AF3001,2026-05-03,2026-04-18 11:45:00+02,210.5,EUR,PAID,CARD
LOQW4R,PL5678901,LO4001,2026-05-04,2026-04-22 16:00:00+02,75,EUR,PAID,CARD
KL2HJD,NL6789012,KL5001,2026-05-06,2026-04-25 08:30:00+02,195,EUR,PAID,CARD
W6VR5E,GB7890123,W61003,2026-05-05,2026-04-19 13:20:00+01,120,EUR,PAID,CARD
W6YC8L,LV8901234,W61004,2026-05-07,2026-04-28 10:00:00+03,55,EUR,PAID,CASH
W6GT1M,EE9012345,W61006,2026-05-13,2026-05-01 09:15:00+03,49.99,EUR,PAID,CARD
LH3KP9,LT0123456,LH2002,2026-05-02,2026-04-17 17:00:00+03,280,EUR,PAID,CARD
W6NX2B,LT1234567,W61005,2026-05-10,2026-04-30 08:00:00+03,89.99,EUR,PAID,CARD
LH7DQ4,DE3456789,LH2003,2026-05-08,2026-04-20 12:00:00+02,160,EUR,PAID,BANK_TRANSFER
AF5TW6,FR4567890,AF3002,2026-05-11,2026-04-28 15:30:00+02,198,EUR,REFUNDED,CARD
LO8ZF3,PL5678901,LO4002,2026-05-12,2026-05-02 10:00:00+02,310,EUR,PAID,CARD
KL6RJ0,LV8901234,KL5002,2026-05-14,2026-05-05 11:00:00+03,175,EUR,PAID,CARD
