ticket_number,booking_ref,seat_number,cabin_class,fare_basis,price,baggage_kg,ticket_status
8962341078901,W6K3P2,14A,ECONOMY,YOWLT,89.99,20,USED
8962341078902,W6M7TN,14B,ECONOMY,YOWLT,89.99,20,USED
2202847361004,LHFN7T,3C,BUSINESS,CLHDE,145,32,USED
0573916204057,AF9BXQ,12F,ECONOMY,YOWFR,210.5,23,USED
0804523190012,LOQW4R,22A,ECONOMY,YOWPL,75,20,USED
0745823460189,KL2HJD,8D,ECONOMY,YOWNL,195,23,USED
8962341078903,W6VR5E,17C,ECONOMY,YOWGB,120,20,USED
8962341078904,W6YC8L,5A,ECONOMY,YOWLV,55,0,USED
8962341078905,W6GT1M,31B,ECONOMY,YOWEE,49.99,20,USED
2202847361005,LH3KP9,2A,BUSINESS,CLHNL,280,32,USED
8962341078906,W6NX2B,14A,ECONOMY,YOWLT,89.99,20,USED
2202847361006,LH7DQ4,4B,BUSINESS,CLHDE,160,32,USED
0573916204058,AF5TW6,11D,ECONOMY,YOWFR,198,23,CANCELLED
0804523190013,LO8ZF3,19A,ECONOMY,YOWPL,310,23,USED
0745823460190,KL6RJ0,6C,ECONOMY,YOWLV,175,20,USED
,,,,,,,
,,,,,,,
ticket_service,,,,,,,
ticket_number,service_code,quantity,price_paid,,,,
8962341078901,EXTRABAG,1,30.00,,,,
8962341078901,MEAL,1,15.00,,,,
8962341078902,SEATSEL,1,12.00,,,,
2202847361004,MEAL,2,30.00,,,,
2202847361004,LOUNGE,1,40.00,,,,
2202847361004,WIFI,1,10.00,,,,
0573916204057,PRIORITY,1,8.00,,,,
0804523190012,INSURANCE,1,25.00,,,,
0745823460189,EXTRABAG,2,60.00,,,,
8962341078903,MEAL,1,15.00,,,,
8962341078903,SEATSEL,1,12.00,,,,
8962341078904,WIFI,1,10.00,,,,
2202847361005,LOUNGE,1,40.00,,,,
2202847361005,PRIORITY,1,8.00,,,,
8962341078906,MEAL,1,15.00,,,,
2202847361006,INSURANCE,1,25.00,,,,
2202847361006,EXTRABAG,1,30.00,,,,
0573916204058,SEATSEL,1,12.00,,,,
0804523190013,PETCABIN,1,50.00,,,,
0745823460190,MEAL,1,15.00,,,,
0745823460190,WIFI,1,10.00,,,,
